{
  "swagger" : "2.0",
  "info" : {
    "version" : "1.0",
    "title" : "Transactions",
    "description" : "Account Transactions Service"
  },
  "host" : "localhost:8080",
  "basePath" : "/",
  "schemes" : [ "http" ],
  "paths" : {
    "/accounts/{AccountId}/transactions" : {
      "get" : {
        "summary" : "getTransactions",
        "description" : "getTransactions",
        "operationId" : "get-accounts-transactions",
        "consumes" : [ "application/json" ],
        "produces" : [ "application/json" ],
        "parameters" : [ {
          "name" : "AccountId",
          "in" : "path",
          "description" : "",
          "type" : "string",
          "required" : true
        } ],
        "responses" : {
          "200" : {
            "description" : "a TransactionsDataElement to be returned",
            "schema" : {
              "$ref" : "#/definitions/TransactionsDataElement"
            }
          }
        }
      }
    }
  },
  "definitions" : {
    "SupplementaryData" : {
      "type" : "object",
      "properties" : {
        "additionalProp1" : {
          "$ref" : "#/definitions/additionalProp1"
        }
      }
    },
    "Meta" : {
      "type" : "object",
      "properties" : {
        "TotalPages" : {
          "type" : "integer"
        },
        "FirstAvailableDateTime" : {
          "type" : "string"
        },
        "LastAvailableDateTime" : {
          "type" : "string"
        }
      }
    },
    "CreditorAgent" : {
      "type" : "object",
      "properties" : {
        "SchemeName" : {
          "type" : "string"
        },
        "Identification" : {
          "type" : "string"
        },
        "Name" : {
          "type" : "string"
        },
        "PostalAddress" : {
          "$ref" : "#/definitions/PostalAddress"
        }
      }
    },
    "DebtorAccount" : {
      "type" : "object",
      "properties" : {
        "SchemeName" : {
          "type" : "string"
        },
        "Identification" : {
          "type" : "string"
        },
        "Name" : {
          "type" : "string"
        },
        "SecondaryIdentification" : {
          "type" : "string"
        }
      }
    },
    "ProprietaryBankTransactionCode" : {
      "type" : "object",
      "properties" : {
        "Code" : {
          "type" : "string"
        },
        "Issuer" : {
          "type" : "string"
        }
      }
    },
    "additionalProp1" : {
      "type" : "object",
      "properties" : { }
    },
    "Amount" : {
      "type" : "object",
      "properties" : {
        "Amount" : {
          "type" : "string"
        },
        "Currency" : {
          "type" : "string"
        }
      }
    },
    "CreditorAccount" : {
      "type" : "object",
      "properties" : {
        "SchemeName" : {
          "type" : "string"
        },
        "Identification" : {
          "type" : "string"
        },
        "Name" : {
          "type" : "string"
        },
        "SecondaryIdentification" : {
          "type" : "string"
        }
      }
    },
    "Data" : {
      "type" : "object",
      "properties" : {
        "Transaction" : {
          "type" : "array",
          "items" : {
            "$ref" : "#/definitions/Transaction",
            "uniqueItems" : false
          }
        }
      }
    },
    "CurrencyExchange" : {
      "type" : "object",
      "properties" : {
        "SourceCurrency" : {
          "type" : "string"
        },
        "TargetCurrency" : {
          "type" : "string"
        },
        "UnitCurrency" : {
          "type" : "string"
        },
        "ExchangeRate" : {
          "type" : "integer"
        },
        "ContractIdentification" : {
          "type" : "string"
        },
        "QuotationDate" : {
          "type" : "string"
        },
        "InstructedAmount" : {
          "$ref" : "#/definitions/InstructedAmount"
        }
      }
    },
    "ChargeAmount" : {
      "type" : "object",
      "properties" : {
        "Amount" : {
          "type" : "string"
        },
        "Currency" : {
          "type" : "string"
        }
      }
    },
    "TransactionsDataElement" : {
      "type" : "object",
      "properties" : {
        "Data" : {
          "$ref" : "#/definitions/Data"
        },
        "Links" : {
          "$ref" : "#/definitions/Links"
        },
        "Meta" : {
          "$ref" : "#/definitions/Meta"
        }
      }
    },
    "PostalAddress" : {
      "type" : "object",
      "properties" : {
        "AddressType" : {
          "type" : "string"
        },
        "Department" : {
          "type" : "string"
        },
        "SubDepartment" : {
          "type" : "string"
        },
        "StreetName" : {
          "type" : "string"
        },
        "BuildingNumber" : {
          "type" : "string"
        },
        "PostCode" : {
          "type" : "string"
        },
        "TownName" : {
          "type" : "string"
        },
        "CountrySubDivision" : {
          "type" : "string"
        },
        "Country" : {
          "type" : "string"
        },
        "AddressLine" : {
          "type" : "array",
          "items" : {
            "type" : "string",
            "uniqueItems" : false
          }
        }
      }
    },
    "BankTransactionCode" : {
      "type" : "object",
      "properties" : {
        "Code" : {
          "type" : "string"
        },
        "SubCode" : {
          "type" : "string"
        }
      }
    },
    "MerchantDetails" : {
      "type" : "object",
      "properties" : {
        "MerchantName" : {
          "type" : "string"
        },
        "MerchantCategoryCode" : {
          "type" : "string"
        }
      }
    },
    "Transaction" : {
      "type" : "object",
      "properties" : {
        "AccountId" : {
          "type" : "string"
        },
        "TransactionId" : {
          "type" : "string"
        },
        "TransactionReference" : {
          "type" : "string"
        },
        "StatementReference" : {
          "type" : "array",
          "items" : {
            "type" : "string",
            "uniqueItems" : false
          }
        },
        "CreditDebitIndicator" : {
          "type" : "string"
        },
        "Status" : {
          "type" : "string"
        },
        "TransactionMutability" : {
          "type" : "string"
        },
        "BookingDateTime" : {
          "type" : "string"
        },
        "ValueDateTime" : {
          "type" : "string"
        },
        "TransactionInformation" : {
          "type" : "string"
        },
        "AddressLine" : {
          "type" : "string"
        },
        "Amount" : {
          "$ref" : "#/definitions/Amount"
        },
        "ChargeAmount" : {
          "$ref" : "#/definitions/ChargeAmount"
        },
        "CurrencyExchange" : {
          "$ref" : "#/definitions/CurrencyExchange"
        },
        "BankTransactionCode" : {
          "$ref" : "#/definitions/BankTransactionCode"
        },
        "ProprietaryBankTransactionCode" : {
          "$ref" : "#/definitions/ProprietaryBankTransactionCode"
        },
        "Balance" : {
          "$ref" : "#/definitions/Balance"
        },
        "MerchantDetails" : {
          "$ref" : "#/definitions/MerchantDetails"
        },
        "CreditorAgent" : {
          "$ref" : "#/definitions/CreditorAgent"
        },
        "CreditorAccount" : {
          "$ref" : "#/definitions/CreditorAccount"
        },
        "DebtorAgent" : {
          "$ref" : "#/definitions/DebtorAgent"
        },
        "DebtorAccount" : {
          "$ref" : "#/definitions/DebtorAccount"
        },
        "CardInstrument" : {
          "$ref" : "#/definitions/CardInstrument"
        },
        "SupplementaryData" : {
          "$ref" : "#/definitions/SupplementaryData"
        }
      }
    },
    "CardInstrument" : {
      "type" : "object",
      "properties" : {
        "CardSchemeName" : {
          "type" : "string"
        },
        "AuthorisationType" : {
          "type" : "string"
        },
        "Name" : {
          "type" : "string"
        },
        "Identification" : {
          "type" : "string"
        }
      }
    },
    "Links" : {
      "type" : "object",
      "properties" : {
        "Self" : {
          "type" : "string"
        },
        "First" : {
          "type" : "string"
        },
        "Prev" : {
          "type" : "string"
        },
        "Next" : {
          "type" : "string"
        },
        "Last" : {
          "type" : "string"
        }
      }
    },
    "DebtorAgent" : {
      "type" : "object",
      "properties" : {
        "SchemeName" : {
          "type" : "string"
        },
        "Identification" : {
          "type" : "string"
        },
        "Name" : {
          "type" : "string"
        },
        "PostalAddress" : {
          "$ref" : "#/definitions/PostalAddress"
        }
      }
    },
    "Balance" : {
      "type" : "object",
      "properties" : {
        "CreditDebitIndicator" : {
          "type" : "string"
        },
        "Type" : {
          "type" : "string"
        },
        "Amount" : {
          "$ref" : "#/definitions/Amount"
        }
      }
    },
    "InstructedAmount" : {
      "type" : "object",
      "properties" : {
        "Amount" : {
          "type" : "string"
        },
        "Currency" : {
          "type" : "string"
        }
      }
    }
  }
}