{"serviceId":"tcius-cHlzaGM1YWhsZ3QzcmNuajJlZnZhYXRsM2FnZHl0emkvVHJhbnNhY3Rpb25z","title":"Transactions","description":"Account Transactions Service","lastModifiedTime":1596409214826,"swaggerChecksum":"61483b78c51f5351c3f675679841ba33d18f3984d46cf3dca7de56d1eacb5f32","assurance":"published","intercom":true,"intercomRegion":"us-west-2","extAuthz":["tenant-basic"],"path":"/gsbc/01E713GXXH869EMV3F0M1RQESA/tci/pyshc5ahlgt3rcnj2efvaatl3agdytzi/Transactions","baseURL":"https://integration.cloud.tibcoapps.com","apiSpec":{"basePath":"/gsbc/01E713GXXH869EMV3F0M1RQESA/tci/pyshc5ahlgt3rcnj2efvaatl3agdytzi/Transactions","definitions":{"Amount":{"properties":{"Amount":{"type":"string"},"Currency":{"type":"string"}},"type":"object"},"Balance":{"properties":{"Amount":{"$ref":"#/definitions/Amount"},"CreditDebitIndicator":{"type":"string"},"Type":{"type":"string"}},"type":"object"},"BankTransactionCode":{"properties":{"Code":{"type":"string"},"SubCode":{"type":"string"}},"type":"object"},"CardInstrument":{"properties":{"AuthorisationType":{"type":"string"},"CardSchemeName":{"type":"string"},"Identification":{"type":"string"},"Name":{"type":"string"}},"type":"object"},"ChargeAmount":{"properties":{"Amount":{"type":"string"},"Currency":{"type":"string"}},"type":"object"},"CreditorAccount":{"properties":{"Identification":{"type":"string"},"Name":{"type":"string"},"SchemeName":{"type":"string"},"SecondaryIdentification":{"type":"string"}},"type":"object"},"CreditorAgent":{"properties":{"Identification":{"type":"string"},"Name":{"type":"string"},"PostalAddress":{"$ref":"#/definitions/PostalAddress"},"SchemeName":{"type":"string"}},"type":"object"},"CurrencyExchange":{"properties":{"ContractIdentification":{"type":"string"},"ExchangeRate":{"type":"integer"},"InstructedAmount":{"$ref":"#/definitions/InstructedAmount"},"QuotationDate":{"type":"string"},"SourceCurrency":{"type":"string"},"TargetCurrency":{"type":"string"},"UnitCurrency":{"type":"string"}},"type":"object"},"Data":{"properties":{"Transaction":{"items":{"$ref":"#/definitions/Transaction","uniqueItems":false},"type":"array"}},"type":"object"},"DebtorAccount":{"properties":{"Identification":{"type":"string"},"Name":{"type":"string"},"SchemeName":{"type":"string"},"SecondaryIdentification":{"type":"string"}},"type":"object"},"DebtorAgent":{"properties":{"Identification":{"type":"string"},"Name":{"type":"string"},"PostalAddress":{"$ref":"#/definitions/PostalAddress"},"SchemeName":{"type":"string"}},"type":"object"},"InstructedAmount":{"properties":{"Amount":{"type":"string"},"Currency":{"type":"string"}},"type":"object"},"Links":{"properties":{"First":{"type":"string"},"Last":{"type":"string"},"Next":{"type":"string"},"Prev":{"type":"string"},"Self":{"type":"string"}},"type":"object"},"MerchantDetails":{"properties":{"MerchantCategoryCode":{"type":"string"},"MerchantName":{"type":"string"}},"type":"object"},"Meta":{"properties":{"FirstAvailableDateTime":{"type":"string"},"LastAvailableDateTime":{"type":"string"},"TotalPages":{"type":"integer"}},"type":"object"},"PostalAddress":{"properties":{"AddressLine":{"items":{"type":"string","uniqueItems":false},"type":"array"},"AddressType":{"type":"string"},"BuildingNumber":{"type":"string"},"Country":{"type":"string"},"CountrySubDivision":{"type":"string"},"Department":{"type":"string"},"PostCode":{"type":"string"},"StreetName":{"type":"string"},"SubDepartment":{"type":"string"},"TownName":{"type":"string"}},"type":"object"},"ProprietaryBankTransactionCode":{"properties":{"Code":{"type":"string"},"Issuer":{"type":"string"}},"type":"object"},"SupplementaryData":{"properties":{"additionalProp1":{"$ref":"#/definitions/additionalProp1"}},"type":"object"},"Transaction":{"properties":{"AccountId":{"type":"string"},"AddressLine":{"type":"string"},"Amount":{"$ref":"#/definitions/Amount"},"Balance":{"$ref":"#/definitions/Balance"},"BankTransactionCode":{"$ref":"#/definitions/BankTransactionCode"},"BookingDateTime":{"type":"string"},"CardInstrument":{"$ref":"#/definitions/CardInstrument"},"ChargeAmount":{"$ref":"#/definitions/ChargeAmount"},"CreditDebitIndicator":{"type":"string"},"CreditorAccount":{"$ref":"#/definitions/CreditorAccount"},"CreditorAgent":{"$ref":"#/definitions/CreditorAgent"},"CurrencyExchange":{"$ref":"#/definitions/CurrencyExchange"},"DebtorAccount":{"$ref":"#/definitions/DebtorAccount"},"DebtorAgent":{"$ref":"#/definitions/DebtorAgent"},"MerchantDetails":{"$ref":"#/definitions/MerchantDetails"},"ProprietaryBankTransactionCode":{"$ref":"#/definitions/ProprietaryBankTransactionCode"},"StatementReference":{"items":{"type":"string","uniqueItems":false},"type":"array"},"Status":{"type":"string"},"SupplementaryData":{"$ref":"#/definitions/SupplementaryData"},"TransactionId":{"type":"string"},"TransactionInformation":{"type":"string"},"TransactionMutability":{"type":"string"},"TransactionReference":{"type":"string"},"ValueDateTime":{"type":"string"}},"type":"object"},"TransactionsDataElement":{"properties":{"Data":{"$ref":"#/definitions/Data"},"Links":{"$ref":"#/definitions/Links"},"Meta":{"$ref":"#/definitions/Meta"}},"type":"object"},"additionalProp1":{"properties":{},"type":"object"}},"host":"integration.cloud.tibcoapps.com","info":{"description":"Account Transactions Service","title":"Transactions","version":"1.0"},"paths":{"/accounts/{AccountId}/transactions":{"get":{"consumes":["application/json"],"description":"getTransactions","operationId":"get-accounts-transactions","parameters":[{"description":"","in":"path","name":"AccountId","required":true,"type":"string"}],"produces":["application/json"],"responses":{"200":{"description":"a TransactionsDataElement to be returned","schema":{"$ref":"#/definitions/TransactionsDataElement"}}},"summary":"getTransactions"}}},"schemes":["https"],"swagger":"2.0"}}