{
    "records": [{
        "name": "Cloud",
        "items": [{
            "localTimestamp": 1596409303000,
            "localURI": "/AccountInfoAPI.module/Service Descriptors/TIBCOCloudMeshServices/TIBCO_Cloud_Integration_PM-Parent/tcius-cHlzaGM1YWhsZ3QzcmNuajJlZnZhYXRsM2FnZHl0emkvVHJhbnNhY3Rpb25z/Transactions.json",
            "disabled": false,
            "remoteTimestamp": 1596409214826,
            "localHash": "aac8d47ea46673f6c8177db816ddff9c8f3c124b",
            "remoteId": "ASR://01E713GXXH869EMV3F0M1RQESA/tcius-cHlzaGM1YWhsZ3QzcmNuajJlZnZhYXRsM2FnZHl0emkvVHJhbnNhY3Rpb25z",
            "remoteHash": "aac8d47ea46673f6c8177db816ddff9c8f3c124b"
        }],
        "url": "https://integration.cloud.tibco.com:443"
    }],
    "resources": []
}