{"records": [
    {
        "jsonSchemaLocation": "/AccountInfoAPI.module/Service Descriptors/account-info-swagger.json",
        "conversionType": "generated",
        "xsdSchemaTargetNamespace": "/open-banking/v3/aisp/T1596204075246Converted/JsonSchema"
    },
    {
        "jsonSchemaLocation": "/AccountInfoAPI.module/Service Descriptors/TIBCOCloudMeshServices/TIBCO_Cloud_Integration_PM-Parent/tcius-cHlzaGM1YWhsZ3QzcmNuajJlZnZhYXRsM2FnZHl0emkvVHJhbnNhY3Rpb25z/Transactions.json",
        "conversionType": "generated",
        "xsdSchemaTargetNamespace": "TIBCOCloudMeshServices.TIBCO_Cloud_Integration_PM-Parent.tcius-cHlzaGM1YWhsZ3QzcmNuajJlZnZhYXRsM2FnZHl0emkvVHJhbnNhY3Rpb25z.Transactions.json"
    }
]}