{
    "records": [],
    "resources": [
        {
            "location": "Service Descriptors/transactionsapi.module.GetAccountTransactions-Resource.json",
            "type": "generated"
        },
        {
            "location": "Service Descriptors/transactionsapi.module.GetAccountTransactions-Transactions.json",
            "type": "generated"
        },
        {
            "location": "Service Descriptors/transactionsapi.module.Transactions-Transactions.json",
            "type": "generated"
        }
    ]
}