{"records": [
    {
        "jsonSchemaLocation": "/TransactionsAPI.module/Service Descriptors/transactionsapi.module.GetAccountTransactions-Resource.json",
        "conversionType": "linked",
        "xsdSchemaTargetNamespace": "http://tns.tibco.com/bw/json/1596404992569"
    },
    {
        "jsonSchemaLocation": "/TransactionsAPI.module/Service Descriptors/transactionsapi.module.Transactions-Transactions.json",
        "conversionType": "linked",
        "xsdSchemaTargetNamespace": "http://tns.tibco.com/bw/json/1596408525149"
    }
]}